bucket,orders,filled_orders,fill_rate,avg_exec_slippage_ticks,exec_slippage_quote_sum,kFilled,kPartiallyCancelled,kCancelled,kRejected
<=5ms,1938,121,0.062,-1.697,-2.049290,86,35,1810,7
5-20ms,1099,22,0.020,0.521,0.2134910000000000007,13,9,1064,13
20-100ms,1962,51,0.026,0.605,0.6233509999999999996,32,19,1891,20
100-1000ms,1766,40,0.023,0.414,0.2279289999999999988,27,12,1707,20
>1000ms,252,8,0.032,0.731,0.10445,4,4,243,1
